{"schemaVersion":"1.0","appDefinitionTemplate":{"id":"/providers/Microsoft.PowerApps/apps/","type":"Microsoft.PowerApps/apps","tags":{"primaryDeviceWidth":"1366","primaryDeviceHeight":"768","sienaVersion":"20210928T163810Z-3.21091.38.0","deviceCapabilities":"","supportsPortrait":"true","supportsLandscape":"true","primaryFormFactor":"Tablet","publisherVersion":"3.21091.38","minimumRequiredApiVersion":"2.2.0","hasComponent":"false","hasUnlockedComponent":"false","isUnifiedRootApp":"false"},"properties":{"appVersion":"2021-09-28T16:38:10Z","lifeCycleId":"Published","createdByClientVersion":{"major":3,"minor":21091,"build":38,"revision":0,"majorRevision":0,"minorRevision":0},"minClientVersion":{"major":3,"minor":21091,"build":38,"revision":0,"majorRevision":0,"minorRevision":0},"backgroundColor":"rgba(39, 67, 125, 1)","backgroundImageUri":"/13802369862156067532/N82cb634b-70f4-4431-b128-87f750707a06-logoSmallFile","displayName":"LabXConsole","description":"","commitMessage":"","appUris":{"documentUri":{"value":"/13802369862156067532/N5a2181f9-3844-45bd-9c90-d69a0a035502-document.msapp"},"imageUris":[]},"createdTime":"0001-01-01T00:00:00Z","lastModifiedTime":"0001-01-01T00:00:00Z","sharedGroupsCount":0,"sharedUsersCount":0,"icons":{"smallIconUri":"/13802369862156067532/Nd818dea8-5761-4268-8f16-a6a24301f840-small.png","mediumIconUri":"/13802369862156067532/Nec9bd791-1668-459c-8949-986907cf8356-medium.png","largeIconUri":"/13802369862156067532/N456ad6f3-f2e8-41d4-ab1f-f8c967483817-large.png","wideIconUri":"/13802369862156067532/N9a54a07a-2062-4201-bbbf-de010b2d43f2-wide.png"},"connectionReferences":{"179af2d4-3a2b-4249-afb4-159b401ffc0e":{"id":"ad82d386-ad6c-46e8-b1da-0039a4871f8a","displayName":"SharePoint","iconUri":"https://connectoricons-prod.azureedge.net/releases/v1.0.1487/1.0.1487.2472/sharepointonline/icon.png","dataSources":["LabResX"],"dependencies":[],"dependents":[],"parameterHints":{},"parameterHintsV2":{},"isOnPremiseConnection":false,"bypassConsent":false,"dataSets":{"https://dojfbi.sharepoint.us/teams/001168":{"dataSources":{"LabResX":{"tableName":"381085f1-6f41-4905-891b-8d884e5a6db7"}}}},"apiTier":"Standard","isCustomApiConnection":false,"actions":["providers/PowerPlatform.Governance/Operations/Read","providers/PowerPlatform.Governance/Operations/Write"]},"bdf151e1-d323-419c-831e-18b77a8efd7c":{"id":"ad82d386-ad6c-46e8-b1da-0039a4871f8a","displayName":"SharePoint","iconUri":"https://connectoricons-prod.azureedge.net/releases/v1.0.1487/1.0.1487.2472/sharepointonline/icon.png","dataSources":["AttendeesV3"],"dependencies":[],"dependents":[],"parameterHints":{},"parameterHintsV2":{},"isOnPremiseConnection":false,"bypassConsent":false,"dataSets":{"https://dojfbi.sharepoint.us/teams/001168":{"dataSources":{"AttendeesV3":{"tableName":"9316c5f4-0bc3-4d62-b116-d1b3e51f0b0f"}}}},"apiTier":"Standard","isCustomApiConnection":false,"actions":["providers/PowerPlatform.Governance/Operations/Read","providers/PowerPlatform.Governance/Operations/Write"]}},"databaseReferences":{},"almMode":"Environment","performanceOptimizationEnabled":false,"canConsumeAppPass":true,"executionRestrictions":{"isTeamsOnly":false,"dataLossPreventionEvaluationResult":{"status":"Compliant","lastEvaluationDate":"2021-09-23T17:52:31.5462701Z","violations":[],"violationsByPolicy":[],"violationErrorMessage":"The app uses the following connectors: shared_sharepointonline."}}},"appType":"ClassicCanvasApp","appComponents":[]}}