{"schemaVersion":"1.0","appDefinitionTemplate":{"id":"/providers/Microsoft.PowerApps/apps/","type":"Microsoft.PowerApps/apps","tags":{"primaryDeviceWidth":"1366","primaryDeviceHeight":"768","sienaVersion":"20210809T133641Z-3.21073.27.0","deviceCapabilities":"","supportsPortrait":"false","supportsLandscape":"true","primaryFormFactor":"Tablet","publisherVersion":"3.21073.27","minimumRequiredApiVersion":"2.2.0","hasComponent":"false","hasUnlockedComponent":"false","isUnifiedRootApp":"false"},"properties":{"appVersion":"2021-08-09T13:36:41Z","lifeCycleId":"Published","createdByClientVersion":{"major":3,"minor":21073,"build":27,"revision":0,"majorRevision":0,"minorRevision":0},"minClientVersion":{"major":3,"minor":21073,"build":27,"revision":0,"majorRevision":0,"minorRevision":0},"backgroundColor":"rgba(81, 92, 107, 1)","backgroundImageUri":"/6951777405451521911/N36c9bbcd-2c87-4e44-a4ec-b47824b35dc6-logoSmallFile","displayName":"LongFormLight","description":"Data for IMD to determine candidates","commitMessage":"","appUris":{"documentUri":{"value":"/6951777405451521911/Nc64a34e1-a403-41f7-bff0-40986282ec3d-document.msapp"},"imageUris":[]},"createdTime":"0001-01-01T00:00:00Z","lastModifiedTime":"0001-01-01T00:00:00Z","sharedGroupsCount":0,"sharedUsersCount":0,"icons":{"smallIconUri":"/6951777405451521911/Nd8248aa9-74ef-41b3-bacc-dde4926bcf10-small.png","mediumIconUri":"/6951777405451521911/Nceeb23a4-2cc9-4dc5-850a-484f6a7208e5-medium.png","largeIconUri":"/6951777405451521911/Nc6a7d841-a688-4788-9a4a-6df1e303407a-large.png","wideIconUri":"/6951777405451521911/Nfb1a4e83-8cfe-4c08-8462-a801dbda307b-wide.png"},"connectionReferences":{"43427473-1456-4940-9d02-63ec4dce36e1":{"id":"ad82d386-ad6c-46e8-b1da-0039a4871f8a","displayName":"SharePoint","iconUri":"https://connectoricons-prod.azureedge.net/releases/v1.0.1487/1.0.1487.2472/sharepointonline/icon.png","dataSources":["RPACandidates"],"dependencies":[],"dependents":[],"parameterHints":{},"parameterHintsV2":{},"isOnPremiseConnection":false,"bypassConsent":false,"dataSets":{"https://dojfbi.sharepoint.us/teams/003600":{"dataSources":{"RPACandidates":{"tableName":"5f5f2079-9c45-4d30-a38e-4f8a00fb5bbf"}}}},"apiTier":"Standard","isCustomApiConnection":false},"ef032b59-a1cc-435e-9f87-69a16cc53beb":{"id":"ad82d386-ad6c-46e8-b1da-0039a4871f8a","displayName":"SharePoint","iconUri":"https://connectoricons-prod.azureedge.net/releases/v1.0.1487/1.0.1487.2472/sharepointonline/icon.png","dataSources":["RPAv7"],"dependencies":[],"dependents":[],"parameterHints":{},"parameterHintsV2":{},"isOnPremiseConnection":false,"bypassConsent":false,"dataSets":{"https://dojfbi.sharepoint.us/teams/001484/":{"dataSources":{"RPAv7":{"tableName":"ce105278-0056-4c89-a434-42d527424a14"}}}},"apiTier":"Standard","isCustomApiConnection":false}},"databaseReferences":{},"almMode":"Environment","performanceOptimizationEnabled":false,"canConsumeAppPass":true,"executionRestrictions":{"isTeamsOnly":false,"dataLossPreventionEvaluationResult":{"status":"Compliant","lastEvaluationDate":"2021-05-03T14:15:06.7542481Z","violationDetails":[]}}},"appType":"ClassicCanvasApp","appComponents":[]}}