{"schemaVersion":"1.0","appDefinitionTemplate":{"id":"/providers/Microsoft.PowerApps/apps/","type":"Microsoft.PowerApps/apps","tags":{"primaryDeviceWidth":"1366","primaryDeviceHeight":"768","sienaVersion":"20210922T131631Z-3.21091.38.0","deviceCapabilities":"","supportsPortrait":"true","supportsLandscape":"true","primaryFormFactor":"Tablet","publisherVersion":"3.21091.38","minimumRequiredApiVersion":"2.2.0","hasComponent":"false","hasUnlockedComponent":"false","isUnifiedRootApp":"false"},"properties":{"appVersion":"2021-09-22T13:16:31Z","lifeCycleId":"Published","createdByClientVersion":{"major":3,"minor":21091,"build":38,"revision":0,"majorRevision":0,"minorRevision":0},"minClientVersion":{"major":3,"minor":21091,"build":38,"revision":0,"majorRevision":0,"minorRevision":0},"backgroundColor":"rgba(255, 255, 255, 1)","backgroundImageUri":"/12690699625143180723/N39952eee-2b90-4df0-8467-0480bf1f36cc-logoSmallFile","displayName":"uTAP","description":"","commitMessage":"","appUris":{"documentUri":{"value":"/12690699625143180723/N9727747c-f5c6-41c0-80e0-1dfb303b198e-document.msapp"},"imageUris":[]},"createdTime":"0001-01-01T00:00:00Z","lastModifiedTime":"0001-01-01T00:00:00Z","sharedGroupsCount":0,"sharedUsersCount":0,"icons":{"smallIconUri":"/12690699625143180723/Nd41ece77-cea6-4c19-ad79-7eb7d4a75033-small.png","mediumIconUri":"/12690699625143180723/N69000c4d-475c-4e7b-8e3a-0b4332ae81ff-medium.png","largeIconUri":"/12690699625143180723/N61bbcdbe-a2a6-447a-9442-b0b2b9099dab-large.png","wideIconUri":"/12690699625143180723/N90786b57-1cb2-44fb-9077-0c60e506a085-wide.png"},"connectionReferences":{"de26f1f5-d75d-480b-b532-82bcd277d6a3":{"id":"ad82d386-ad6c-46e8-b1da-0039a4871f8a","displayName":"SharePoint","iconUri":"https://connectoricons-prod.azureedge.net/releases/v1.0.1487/1.0.1487.2472/sharepointonline/icon.png","dataSources":["STSIIv2"],"dependencies":[],"dependents":[],"parameterHints":{},"parameterHintsV2":{},"isOnPremiseConnection":false,"bypassConsent":false,"dataSets":{"https://dojfbi.sharepoint.us/teams/001168":{"dataSources":{"STSIIv2":{"tableName":"15e472a0-b1c6-4ec6-a6a2-d008c62469d9"}}}},"apiTier":"Standard","isCustomApiConnection":false,"actions":["providers/PowerPlatform.Governance/Operations/Read","providers/PowerPlatform.Governance/Operations/Write"]}},"databaseReferences":{},"almMode":"Environment","performanceOptimizationEnabled":false,"canConsumeAppPass":true,"executionRestrictions":{"isTeamsOnly":false,"dataLossPreventionEvaluationResult":{"status":"Compliant","lastEvaluationDate":"2021-08-23T17:03:17.070203Z","violations":[],"violationsByPolicy":[],"violationErrorMessage":"The app uses the following connectors: shared_sharepointonline."}}},"appType":"ClassicCanvasApp","appComponents":[]}}