{"schemaVersion":"1.0","appDefinitionTemplate":{"id":"/providers/Microsoft.PowerApps/apps/","type":"Microsoft.PowerApps/apps","tags":{"sp-site-id":"https://dojfbi.sharepoint.us/teams/001484","sp-list-id":"ce105278-0056-4c89-a434-42d527424a14","https://dojfbi.sharepoint.us/teams/001484":"ce105278-0056-4c89-a434-42d527424a14","primaryDeviceWidth":"640","primaryDeviceHeight":"1136","sienaVersion":"20210413T174808Z-3.21034.27.0","deviceCapabilities":"","supportsPortrait":"true","supportsLandscape":"false","primaryFormFactor":"Phone","publisherVersion":"3.21034.27","minimumRequiredApiVersion":"2.2.0","hasComponent":"false","hasUnlockedComponent":"false","isUnifiedRootApp":"false"},"properties":{"appVersion":"2021-04-13T17:48:08Z","lifeCycleId":"Published","createdByClientVersion":{"major":3,"minor":21034,"build":27,"revision":0,"majorRevision":0,"minorRevision":0},"minClientVersion":{"major":3,"minor":21034,"build":27,"revision":0,"majorRevision":0,"minorRevision":0},"backgroundColor":"rgba(1, 60, 96, 1)","backgroundImageUri":"/4941428048116185495/N9de68238-1055-45a7-b234-3bc8e7352877-logoSmallFile","displayName":"DataBoy","description":"Admin Console for RPA Survey Solution","commitMessage":"","appUris":{"documentUri":{"value":"/4941428048116185495/N7fdca20e-c007-497e-aefe-d2237f567a29-document.msapp"},"imageUris":[]},"createdTime":"0001-01-01T00:00:00Z","lastModifiedTime":"0001-01-01T00:00:00Z","sharedGroupsCount":0,"sharedUsersCount":0,"icons":{"smallIconUri":"/4941428048116185495/N9d2040c5-744a-4963-bd2c-b4af46f25c19-small.png","mediumIconUri":"/4941428048116185495/N212ec15c-8daf-43a8-abe7-879312f099e0-medium.png","largeIconUri":"/4941428048116185495/N63a177b8-05cc-41cd-97ed-a9026f859823-large.png","wideIconUri":"/4941428048116185495/N08d13180-0215-4839-b64f-e00769b27e76-wide.png"},"connectionReferences":{"631089e3-41e4-40ee-ad6d-20d71c9bf7c9":{"id":"ad82d386-ad6c-46e8-b1da-0039a4871f8a","displayName":"SharePoint","iconUri":"https://connectoricons-prod.azureedge.net/releases/v1.0.1458/1.0.1458.2381/sharepointonline/icon.png","dataSources":["RPAv7"],"dependencies":[],"dependents":[],"parameterHints":{},"isOnPremiseConnection":false,"bypassConsent":false,"dataSets":{"https://dojfbi.sharepoint.us/teams/001484":{"dataSources":{"RPAv7":{"tableName":"ce105278-0056-4c89-a434-42d527424a14"}}}},"apiTier":"Standard","isCustomApiConnection":false}},"databaseReferences":{},"almMode":"Environment","performanceOptimizationEnabled":true,"canConsumeAppPass":true,"executionRestrictions":{"isTeamsOnly":false,"dataLossPreventionEvaluationResult":{"status":"Compliant","lastEvaluationDate":"2021-03-26T17:41:36.7672682Z","violationDetails":[]}}},"isAppComponentLibrary":false,"appType":"ClassicCanvasApp","appComponents":[]}}