{"schemaVersion":"1.0","appDefinitionTemplate":{"id":"/providers/Microsoft.PowerApps/apps/","type":"Microsoft.PowerApps/apps","tags":{"primaryDeviceWidth":"1280","primaryDeviceHeight":"1704","sienaVersion":"20221128T181450Z-3.22105.21.0","deviceCapabilities":"","supportsPortrait":"true","supportsLandscape":"false","primaryFormFactor":"Phone","publisherVersion":"3.22105.21","minimumRequiredApiVersion":"2.2.0","hasComponent":"true","hasUnlockedComponent":"true","isUnifiedRootApp":"false"},"properties":{"appVersion":"2022-11-28T18:14:50Z","lifeCycleId":"Published","createdByClientVersion":{"major":3,"minor":22105,"build":21,"revision":0,"majorRevision":0,"minorRevision":0},"minClientVersion":{"major":3,"minor":22105,"build":21,"revision":0,"majorRevision":0,"minorRevision":0},"backgroundColor":"rgba(255, 255, 255, 1)","backgroundImageUri":"/5477753662836401947/N4456e4eb-9bb9-4faa-b900-d96eebdeba0f-logoSmallFile","displayName":"BookerXR3","description":"","commitMessage":"","appUris":{"documentUri":{"value":"/5477753662836401947/Nb1602482-a98e-4d43-ada6-6f55255d77f7-document.msapp"},"imageUris":[],"additionalUris":[]},"createdTime":"0001-01-01T00:00:00Z","lastModifiedTime":"0001-01-01T00:00:00Z","sharedGroupsCount":0,"sharedUsersCount":0,"icons":{"smallIconUri":"/5477753662836401947/Na4e2c6d2-3449-4fb8-ad99-9e33e3313d21-small.png","mediumIconUri":"/5477753662836401947/N20469992-7c55-49d2-ba22-32c941bdf519-medium.png","largeIconUri":"/5477753662836401947/N2f1c5db1-6028-494b-bd9f-f8951bdcc250-large.png","wideIconUri":"/5477753662836401947/N9e272148-cd70-4e70-99ac-a31b7fab583a-wide.png"},"connectionReferences":{"64852b16-4509-4d34-be4c-adfa1f496b3a":{"id":"e05e059b-09fe-429d-944f-63a6cdd694cc","displayName":"Office 365 Users","iconUri":"https://connectoricons-prod.azureedge.net/releases/v1.0.1593/1.0.1593.2980/office365users/icon.png","dataSources":["Office365Users"],"dependencies":[],"dependents":[],"parameterHints":{},"parameterHintsV2":{},"isOnPremiseConnection":false,"bypassConsent":false,"dataSets":{},"apiTier":"Standard","isCustomApiConnection":false,"actions":["UserProfile"]},"30f90281-e076-430a-8dd5-9eddb00064ed":{"id":"ad82d386-ad6c-46e8-b1da-0039a4871f8a","displayName":"SharePoint","iconUri":"https://connectoricons-prod.azureedge.net/releases/v1.0.1610-greyhound-localization-RelayFix/1.0.1610.3091/sharepointonline/icon.png","dataSources":["Rooms","Vstat","SpecialServices","Rouge"],"dependencies":[],"dependents":[],"parameterHints":{},"parameterHintsV2":{},"isOnPremiseConnection":false,"bypassConsent":false,"dataSets":{"https://dojfbi.sharepoint.us/teams/001168":{"dataSources":{"Rooms":{"tableName":"b4fb9b75-364c-47e8-aa4f-3bebc62f0ed8"},"Vstat":{"tableName":"eae15f38-5a2f-4f90-9c42-407b4de8aad6"},"SpecialServices":{"tableName":"513e4bc5-7657-4dbe-a09f-eefb1d2e8929"},"Rouge":{"tableName":"b416fdaa-4cc4-45d8-89c5-8f51908a522d"}}}},"apiTier":"Standard","isCustomApiConnection":false,"actions":["providers/PowerPlatform.Governance/Operations/Read","providers/PowerPlatform.Governance/Operations/Write"]},"d100997c-98f8-4067-aeae-96c26b8bd665":{"id":"ad82d386-ad6c-46e8-b1da-0039a4871f8a","displayName":"SharePoint","iconUri":"https://connectoricons-prod.azureedge.net/releases/v1.0.1610-greyhound-localization-RelayFix/1.0.1610.3091/sharepointonline/icon.png","dataSources":["AttendeesV3","LabResXi"],"dependencies":[],"dependents":[],"parameterHints":{},"parameterHintsV2":{},"isOnPremiseConnection":false,"bypassConsent":false,"dataSets":{"https://dojfbi.sharepoint.us/teams/001168":{"dataSources":{"AttendeesV3":{"tableName":"9316c5f4-0bc3-4d62-b116-d1b3e51f0b0f"},"LabResXi":{"tableName":"c1d07ff6-5f92-4986-8c07-a460ff00d662"}}}},"apiTier":"Standard","isCustomApiConnection":false,"actions":["providers/PowerPlatform.Governance/Operations/Read","providers/PowerPlatform.Governance/Operations/Write"]},"2d1a244c-2c71-4186-bd7e-1b7daa5f8e06":{"id":"ad82d386-ad6c-46e8-b1da-0039a4871f8a","displayName":"SharePoint","iconUri":"https://connectoricons-prod.azureedge.net/releases/v1.0.1610-greyhound-localization-RelayFix/1.0.1610.3091/sharepointonline/icon.png","dataSources":["IVO Lab Equipment Tracker"],"dependencies":[],"dependents":[],"parameterHints":{},"parameterHintsV2":{},"isOnPremiseConnection":false,"bypassConsent":false,"dataSets":{"https://dojfbi.sharepoint.us/teams/001484":{"dataSources":{"IVO Lab Equipment Tracker":{"tableName":"0a9ed38a-efca-4cd1-a122-b152ab0b9da5"}}}},"apiTier":"Standard","isCustomApiConnection":false,"actions":["providers/PowerPlatform.Governance/Operations/Read","providers/PowerPlatform.Governance/Operations/Write"]}},"databaseReferences":{},"almMode":"Environment","performanceOptimizationEnabled":false,"canConsumeAppPass":true,"enableModernRuntimeMode":false,"executionRestrictions":{"isTeamsOnly":false,"dataLossPreventionEvaluationResult":{"status":"Compliant","lastEvaluationDate":"2022-10-26T16:51:21.8680473Z","violations":[],"violationsByPolicy":[],"violationErrorMessage":"The app uses the following connectors: shared_office365users, shared_sharepointonline."}}},"appType":"ClassicCanvasApp","appComponents":[]}}